{
  "name": "System76 Lemur Pro - Simple",
  "author": "Jeremy Soller",
  "rows": [
    [
      {
        "c": "#141414",
        "a": 7,
        "w": 0.861,
        "h": 0.75
      },
      "Esc",
      {
        "a": 4,
        "w": 0.861,
        "h": 0.75
      },
      "F1",
      {
        "w": 0.861,
        "h": 0.75
      },
      "F2",
      {
        "w": 0.861,
        "h": 0.75
      },
      "F3",
      {
        "w": 0.861,
        "h": 0.75
      },
      "F4",
      {
        "w": 0.861,
        "h": 0.75
      },
      "F5",
      {
        "x": 8.881784197001252e-16,
        "w": 0.861,
        "h": 0.75
      },
      "F6",
      {
        "w": 0.861,
        "h": 0.75
      },
      "F7",
      {
        "w": 0.861,
        "h": 0.75
      },
      "F8",
      {
        "w": 0.861,
        "h": 0.75
      },
      "F9",
      {
        "w": 0.861,
        "h": 0.75
      },
      "F10",
      {
        "w": 0.861,
        "h": 0.75
      },
      "F11",
      {
        "w": 0.861,
        "h": 0.75
      },
      "F12",
      {
        "x": -1.7763568394002505e-15,
        "a": 7,
        "w": 0.861,
        "h": 0.75
      },
      "Home",
      {
        "w": 0.861,
        "h": 0.75
      },
      "End",
      {
        "x": -1.7763568394002505e-15,
        "w": 0.861,
        "h": 0.75
      },
      "PrtSc",
      {
        "w": 0.861,
        "h": 0.75
      },
      "Del"
    ],
    [
      {
        "y": -0.25,
        "a": 4,
        "w": 0.889
      },
      "~\n`",
      {
        "x": 0.0010000000000000009
      },
      "!\n1",
      {
        "x": 8.881784197001252e-16
      },
      "@\n2",
      {
        "x": 4.440892098500626e-16
      },
      "#\n3",
      "$\n4",
      {
        "x": -8.881784197001252e-16
      },
      "%\n5",
      "^\n6",
      "&\n7",
      "*\n8",
      "(\n9",
      ")\n0",
      "_\n-",
      "+\n=",
      {
        "a": 6,
        "w": 1.75
      },
      "Backspace"
    ],
    [
      {
        "w": 1.389
      },
      "Tab",
      {
        "x": 0.0009999999999998899,
        "a": 4
      },
      "Q",
      {
        "x": 4.440892098500626e-16
      },
      "W",
      "E",
      {
        "x": -8.881784197001252e-16
      },
      "R",
      "T",
      "Y",
      "U",
      "I",
      "O",
      "P",
      "{\n[",
      "}\n]",
      {
        "w": 1.25
      },
      "|\n\\"
    ],
    [
      {
        "a": 6,
        "w": 1.639
      },
      "Caps Lock",
      {
        "x": 0.0009999999999998899,
        "a": 4
      },
      "A",
      {
        "x": 4.440892098500626e-16
      },
      "S",
      "D",
      {
        "x": -8.881784197001252e-16
      },
      "F",
      "G",
      "H",
      "J",
      "K",
      "L",
      ":\n;",
      "\"\n'",
      {
        "a": 6,
        "w": 2
      },
      "Enter"
    ],
    [
      {
        "w": 2.139
      },
      "Shift",
      {
        "x": 0.001000000000000334,
        "a": 4
      },
      "Z",
      "X",
      {
        "x": -8.881784197001252e-16
      },
      "C",
      "V",
      "B",
      "N",
      "M",
      "<\n,",
      ">\n.",
      "?\n/",
      {
        "a": 6,
        "w": 2.5
      },
      "Shift"
    ],
    [
      {
        "w": 1.139
      },
      "Ctrl",
      {
        "x": 0.0009999999999998899
      },
      "Fn",
      {
        "x": 4.440892098500626e-16,
        "a": 7
      },
      "Super",
      {
        "a": 6
      },
      "Alt",
      {
        "x": -8.881784197001252e-16,
        "a": 7,
        "w": 5
      },
      "",
      {
        "a": 6
      },
      "Alt",
      {
        "w": 1.5
      },
      "Ctrl",
      {
        "a": 7,
        "h": 0.5
      },
      "PgUp",
      {
        "h": 0.5
      },
      "Up",
      {
        "h": 0.5
      },
      "PgDn"
    ],
    [
      {
        "y": -0.5,
        "x": 11.64,
        "h": 0.5
      },
      "Left",
      {
        "h": 0.5
      },
      "Down",
      {
        "h": 0.5
      },
      "Right"
    ]
  ]
}